engine,type,status,output
mermaid,block,unsupported,
mermaid,class,rendered,docs/gallery/benizar/mermaid-10.9.1-plantuml-1.2020.02/mermaid/class.svg
mermaid,er,rendered,docs/gallery/benizar/mermaid-10.9.1-plantuml-1.2020.02/mermaid/er.svg
mermaid,flowchart,rendered,docs/gallery/benizar/mermaid-10.9.1-plantuml-1.2020.02/mermaid/flowchart.svg
mermaid,gantt,rendered,docs/gallery/benizar/mermaid-10.9.1-plantuml-1.2020.02/mermaid/gantt.svg
mermaid,gitgraph,rendered,docs/gallery/benizar/mermaid-10.9.1-plantuml-1.2020.02/mermaid/gitgraph.svg
mermaid,journey,rendered,docs/gallery/benizar/mermaid-10.9.1-plantuml-1.2020.02/mermaid/journey.svg
mermaid,kanban,unsupported,
mermaid,pie,rendered,docs/gallery/benizar/mermaid-10.9.1-plantuml-1.2020.02/mermaid/pie.svg
mermaid,quadrantchart,rendered,docs/gallery/benizar/mermaid-10.9.1-plantuml-1.2020.02/mermaid/quadrantchart.svg
mermaid,sankey,rendered,docs/gallery/benizar/mermaid-10.9.1-plantuml-1.2020.02/mermaid/sankey.svg
mermaid,sequence,rendered,docs/gallery/benizar/mermaid-10.9.1-plantuml-1.2020.02/mermaid/sequence.svg
mermaid,state,rendered,docs/gallery/benizar/mermaid-10.9.1-plantuml-1.2020.02/mermaid/state.svg
mermaid,timeline,rendered,docs/gallery/benizar/mermaid-10.9.1-plantuml-1.2020.02/mermaid/timeline.svg
mermaid,treemap,unsupported,
plantuml,activity,rendered,docs/gallery/benizar/mermaid-10.9.1-plantuml-1.2020.02/plantuml/activity.svg
plantuml,class,rendered,docs/gallery/benizar/mermaid-10.9.1-plantuml-1.2020.02/plantuml/class.svg
plantuml,component,rendered,docs/gallery/benizar/mermaid-10.9.1-plantuml-1.2020.02/plantuml/component.svg
plantuml,deployment,rendered,docs/gallery/benizar/mermaid-10.9.1-plantuml-1.2020.02/plantuml/deployment.svg
plantuml,files,unsupported,
plantuml,gantt,unsupported,
plantuml,json,unsupported,
plantuml,mindmap,rendered,docs/gallery/benizar/mermaid-10.9.1-plantuml-1.2020.02/plantuml/mindmap.svg
plantuml,object,rendered,docs/gallery/benizar/mermaid-10.9.1-plantuml-1.2020.02/plantuml/object.svg
plantuml,salt,rendered,docs/gallery/benizar/mermaid-10.9.1-plantuml-1.2020.02/plantuml/salt.svg
plantuml,sequence,rendered,docs/gallery/benizar/mermaid-10.9.1-plantuml-1.2020.02/plantuml/sequence.svg
plantuml,state,rendered,docs/gallery/benizar/mermaid-10.9.1-plantuml-1.2020.02/plantuml/state.svg
plantuml,usecase,rendered,docs/gallery/benizar/mermaid-10.9.1-plantuml-1.2020.02/plantuml/usecase.svg
plantuml,wbs,rendered,docs/gallery/benizar/mermaid-10.9.1-plantuml-1.2020.02/plantuml/wbs.svg
plantuml,yaml,unsupported,
